"","prediction"
"1",2
"2",4
"3",3
"4",2
"5",1
"6",6
"7",4
"8",1
"9",0
"10",1
"11",3
"12",0
"13",4
"14",1
"15",1
"16",3
"17",3
"18",0
"19",4
"20",5
"21",2
"22",2
"23",1
"24",3
"25",4
"26",5
"27",3
"28",6
"29",5
"30",2
"31",4
"32",1
"33",4
"34",3
"35",1
"36",4
"37",3
"38",3
"39",2
"40",1
"41",3
"42",1
"43",1
"44",1
"45",3
"46",4
"47",3
"48",5
"49",4
"50",3
"51",4
"52",1
"53",4
"54",0
"55",2
"56",2
"57",5
"58",4
"59",2
"60",2
"61",5
"62",1
"63",3
"64",3
"65",3
"66",2
"67",4
"68",5
"69",1
"70",4
"71",4
"72",4
"73",3
"74",5
"75",2
"76",3
"77",0
"78",4
"79",5
"80",4
"81",2
"82",1
"83",2
"84",2
"85",3
"86",4
"87",3
"88",5
"89",5
"90",5
"91",2
"92",2
"93",2
"94",3
"95",3
"96",3
"97",4
"98",4
"99",2
"100",0
"101",3
"102",2
"103",4
"104",4
"105",3
"106",2
"107",1
"108",6
"109",6
"110",2
"111",3
"112",4
"113",4
"114",3
"115",1
"116",5
"117",5
"118",4
"119",2
"120",1
"121",3
"122",1
"123",3
"124",6
"125",3
"126",4
"127",2
"128",1
"129",5
"130",3
"131",4
"132",5
"133",3
"134",3
"135",3
"136",4
"137",0
"138",4
"139",6
"140",3
"141",3
"142",5
"143",3
"144",1
"145",3
"146",2
"147",4
"148",4
"149",6
"150",3
"151",4
"152",3
"153",4
"154",1
"155",1
"156",1
"157",3
"158",6
"159",3
"160",1
"161",1
"162",4
"163",2
"164",4
"165",4
"166",4
"167",4
"168",6
"169",4
"170",1
"171",5
"172",5
"173",1
"174",1
"175",1
"176",5
"177",4
"178",1
"179",3
"180",4
"181",3
"182",1
"183",3
"184",4
"185",4
"186",3
"187",1
"188",4
"189",1
"190",1
"191",5
"192",4
"193",4
"194",3
"195",5
"196",1
"197",3
"198",3
"199",2
"200",4
"201",0
"202",5
"203",1
"204",4
"205",2
"206",5
"207",1
"208",3
"209",3
"210",2
"211",2
"212",2
"213",5
"214",3
"215",5
"216",1
"217",1
"218",4
"219",1
"220",2
"221",3
"222",3
"223",5
"224",1
"225",4
"226",5
"227",1
"228",2
"229",1
"230",1
"231",4
"232",3
"233",3
"234",2
"235",1
"236",2
"237",2
"238",3
"239",3
"240",4
"241",4
"242",0
"243",2
"244",0
"245",1
"246",2
"247",3
"248",3
"249",2
"250",1
"251",1
"252",1
"253",1
"254",2
"255",4
"256",6
"257",1
"258",4
"259",3
"260",1
"261",4
"262",6
"263",4
"264",3
"265",4
"266",4
"267",4
"268",3
"269",2
"270",4
"271",1
"272",4
"273",1
"274",4
"275",2
"276",4
"277",1
"278",2
"279",4
"280",3
"281",4
"282",1
"283",1
"284",4
"285",4
"286",4
"287",5
"288",6
"289",3
"290",4
"291",1
"292",2
"293",1
"294",1
"295",3
"296",2
"297",2
"298",1
"299",2
"300",3
"301",4
"302",3
"303",2
"304",4
"305",5
"306",4
"307",3
"308",1
"309",3
"310",1
"311",3
"312",4
"313",3
"314",4
"315",2
"316",4
"317",2
"318",2
"319",3
"320",2
"321",3
"322",2
"323",4
"324",4
"325",1
"326",1
"327",7
"328",5
"329",2
"330",1
"331",6
"332",5
"333",4
"334",3
"335",6
"336",4
"337",4
"338",1
"339",1
"340",0
"341",4
"342",6
"343",4
"344",4
"345",3
"346",5
"347",4
"348",4
"349",4
"350",3
"351",3
"352",3
"353",3
"354",3
"355",4
"356",4
"357",3
"358",3
"359",3
"360",4
"361",6
"362",3
"363",4
"364",2
"365",1
"366",0
"367",3
"368",0
"369",5
"370",4
"371",5
"372",1
"373",3
"374",3
"375",3
"376",3
"377",3
"378",6
"379",3
"380",4
"381",3
"382",4
"383",4
"384",3
"385",3
"386",4
"387",5
"388",4
"389",1
"390",3
"391",2
"392",2
"393",3
"394",3
"395",4
"396",1
"397",4
"398",6
"399",3
"400",4
"401",3
"402",1
"403",2
"404",4
"405",1
"406",4
"407",5
"408",4
"409",4
"410",4
"411",1
"412",3
"413",3
"414",4
"415",5
"416",4
"417",7
"418",1
"419",5
"420",2
"421",1
"422",3
"423",3
"424",2
"425",3
"426",3
"427",3
"428",1
"429",5
"430",5
"431",6
"432",5
"433",3
"434",1
"435",2
"436",3
"437",3
"438",4
"439",1
"440",2
"441",2
"442",5
"443",3
"444",2
"445",5
"446",3
"447",1
"448",4
"449",0
"450",5
"451",2
"452",4
"453",1
"454",1
"455",3
"456",4
"457",0
"458",3
"459",5
"460",3
"461",5
"462",4
"463",1
"464",4
"465",4
"466",1
"467",2
"468",5
"469",4
"470",3
"471",1
"472",2
"473",2
"474",3
"475",1
"476",3
"477",4
"478",4
"479",4
"480",3
"481",2
"482",1
"483",5
"484",1
"485",2
"486",1
"487",3
"488",1
"489",1
"490",1
"491",1
"492",2
"493",5
"494",4
"495",1
"496",4
"497",3
"498",2
"499",5
"500",4
"501",2
"502",1
"503",3
"504",4
"505",4
"506",3
"507",3
"508",3
"509",5
"510",5
"511",4
"512",3
"513",0
"514",5
"515",5
"516",3
"517",5
"518",4
"519",3
"520",4
"521",3
"522",3
"523",2
"524",2
"525",4
"526",5
"527",3
"528",4
"529",3
"530",2
"531",5
"532",4
"533",4
"534",2
"535",5
"536",2
"537",4
"538",4
"539",1
"540",1
"541",4
"542",1
"543",1
"544",3
"545",3
"546",1
"547",5
"548",1
"549",3
"550",3
"551",4
"552",5
"553",2
"554",4
"555",1
"556",1
"557",3
"558",0
"559",4
"560",2
"561",4
"562",3
"563",1
"564",2
"565",4
"566",3
"567",2
"568",3
"569",2
"570",4
"571",4
"572",4
"573",4
"574",3
"575",7
"576",5
"577",3
"578",1
"579",5
"580",4
"581",2
"582",3
"583",4
"584",1
"585",5
"586",4
"587",3
"588",6
"589",4
"590",1
"591",5
"592",4
"593",4
"594",4
"595",3
"596",1
"597",3
"598",4
"599",3
"600",2
"601",2
"602",2
"603",3
"604",2
"605",2
"606",2
"607",3
"608",3
"609",2
"610",5
"611",2
"612",4
"613",3
"614",1
"615",1
"616",5
"617",6
"618",6
"619",1
"620",2
"621",2
"622",1
"623",5
"624",5
"625",1
"626",4
"627",5
"628",5
"629",3
"630",4
"631",2
"632",5
"633",1
"634",4
"635",3
"636",4
"637",4
"638",6
"639",1
"640",1
"641",1
"642",4
"643",2
"644",3
"645",1
"646",1
"647",5
"648",6
"649",1
"650",6
"651",4
"652",6
"653",4
"654",5
"655",3
"656",5
"657",1
"658",1
"659",2
"660",1
"661",3
"662",3
"663",4
"664",5
"665",4
"666",1
"667",3
"668",4
"669",4
"670",1
"671",3
"672",3
"673",3
"674",3
"675",3
"676",4
"677",4
"678",3
"679",3
"680",1
"681",4
"682",3
"683",4
"684",5
"685",5
"686",4
"687",1
"688",4
"689",5
"690",4
"691",4
"692",5
"693",2
"694",4
"695",4
"696",3
"697",5
"698",3
"699",3
"700",3
"701",0
"702",1
"703",2
"704",4
"705",4
"706",3
"707",3
"708",1
"709",3
"710",4
"711",3
"712",5
"713",1
"714",0
"715",4
"716",5
"717",2
"718",4
"719",5
"720",3
"721",2
"722",3
"723",0
"724",3
"725",1
"726",1
"727",1
"728",0
"729",3
"730",6
"731",1
"732",4
"733",4
"734",3
"735",4
"736",3
"737",4
"738",2
"739",5
"740",3
"741",4
"742",4
"743",5
"744",3
"745",3
"746",3
"747",2
"748",1
"749",3
"750",1
"751",3
"752",3
"753",3
"754",3
"755",1
"756",4
"757",3
"758",4
"759",4
"760",3
"761",2
"762",1
"763",3
"764",2
"765",5
"766",5
"767",4
"768",4
"769",2
"770",4
"771",3
"772",6
"773",5
"774",3
"775",4
"776",5
"777",3
"778",3
"779",2
"780",1
"781",5
"782",5
"783",2
"784",4
"785",5
"786",4
"787",2
"788",4
"789",1
"790",4
"791",5
"792",4
"793",5
"794",1
"795",4
"796",5
"797",3
"798",5
"799",1
"800",2
"801",4
"802",5
"803",1
"804",4
"805",3
"806",5
"807",3
"808",3
"809",3
"810",4
"811",1
"812",3
"813",4
"814",1
"815",3
"816",6
"817",1
"818",2
"819",2
"820",5
"821",0
"822",2
"823",5
"824",3
"825",6
"826",3
"827",1
"828",3
"829",4
"830",3
"831",5
"832",6
"833",0
"834",5
"835",3
"836",4
"837",1
"838",1
"839",2
"840",3
"841",5
"842",5
"843",4
"844",3
"845",1
"846",5
"847",4
"848",3
"849",2
"850",1
"851",4
"852",2
"853",3
"854",4
"855",3
"856",2
"857",2
"858",4
"859",0
"860",3
"861",2
"862",5
"863",2
"864",3
"865",5
"866",4
"867",1
"868",1
"869",3
"870",2
"871",0
"872",3
"873",3
"874",2
"875",4
"876",3
"877",2
"878",2
"879",2
"880",2
"881",4
"882",4
"883",5
"884",3
"885",1
"886",1
"887",3
"888",2
"889",4
"890",4
"891",2
"892",4
"893",1
"894",4
"895",2
"896",3
"897",3
"898",2
"899",4
"900",1
"901",2
"902",2
"903",4
"904",3
"905",6
"906",2
"907",3
"908",5
"909",5
"910",4
"911",2
"912",4
"913",2
"914",4
"915",3
"916",4
"917",6
"918",2
"919",1
"920",6
"921",4
"922",4
"923",5
"924",2
"925",2
"926",3
"927",4
"928",4
"929",3
"930",3
"931",4
"932",2
"933",1
"934",3
"935",2
"936",3
"937",3
"938",3
"939",5
"940",4
"941",3
"942",4
"943",2
"944",1
"945",2
"946",7
"947",1
"948",5
"949",4
"950",6
"951",3
"952",4
"953",4
"954",0
"955",1
"956",2
"957",3
"958",4
"959",4
"960",3
"961",7
"962",4
"963",1
"964",1
"965",1
"966",4
"967",4
"968",1
"969",5
"970",4
"971",5
"972",3
"973",4
"974",3
"975",6
"976",1
"977",3
"978",5
"979",1
"980",3
"981",3
"982",5
"983",2
"984",4
"985",4
"986",5
"987",1
"988",4
"989",3
"990",3
"991",4
"992",1
"993",3
"994",3
"995",3
"996",4
"997",2
"998",4
"999",3
"1000",4
"1001",4
"1002",3
"1003",3
"1004",6
"1005",3
"1006",1
"1007",4
"1008",5
"1009",3
"1010",2
"1011",2
"1012",4
"1013",1
"1014",3
"1015",4
"1016",3
"1017",4
"1018",5
"1019",3
"1020",4
"1021",3
"1022",4
"1023",3
"1024",4
"1025",2
"1026",4
"1027",0
"1028",3
"1029",4
"1030",1
"1031",6
"1032",3
"1033",0
"1034",1
"1035",4
"1036",4
"1037",4
"1038",3
"1039",2
"1040",3
"1041",3
"1042",2
"1043",4
"1044",4
"1045",4
"1046",2
"1047",5
"1048",3
"1049",4
"1050",3
"1051",2
"1052",4
"1053",1
"1054",3
"1055",5
"1056",4
"1057",2
"1058",1
"1059",1
"1060",3
"1061",3
"1062",1
"1063",5
"1064",2
"1065",4
"1066",1
"1067",1
"1068",2
"1069",2
"1070",3
"1071",4
"1072",4
"1073",5
"1074",5
"1075",1
"1076",2
"1077",5
"1078",4
"1079",2
"1080",4
"1081",2
"1082",4
"1083",0
"1084",6
"1085",4
"1086",1
"1087",4
"1088",3
"1089",3
"1090",3
"1091",1
"1092",3
"1093",3
"1094",5
"1095",2
"1096",1
"1097",1
"1098",4
"1099",1
"1100",0
"1101",3
"1102",4
"1103",1
"1104",5
"1105",3
"1106",5
"1107",4
"1108",4
"1109",3
"1110",5
"1111",4
"1112",3
"1113",1
"1114",5
"1115",1
"1116",3
"1117",4
"1118",5
"1119",3
"1120",4
"1121",4
"1122",1
"1123",2
"1124",2
"1125",4
"1126",4
"1127",1
"1128",3
"1129",1
"1130",4
"1131",1
"1132",5
"1133",2
"1134",2
"1135",3
"1136",1
"1137",3
"1138",1
"1139",2
"1140",1
"1141",4
"1142",6
"1143",3
"1144",1
"1145",3
"1146",4
"1147",2
"1148",7
"1149",4
"1150",5
"1151",3
"1152",2
"1153",5
"1154",3
"1155",4
"1156",5
"1157",3
"1158",5
"1159",4
"1160",4
"1161",5
"1162",2
"1163",6
"1164",1
"1165",3
"1166",5
"1167",3
"1168",6
"1169",5
"1170",4
"1171",5
"1172",2
"1173",1
"1174",4
"1175",2
"1176",2
"1177",2
"1178",6
"1179",4
"1180",5
"1181",2
"1182",5
"1183",3
"1184",3
"1185",2
"1186",7
"1187",1
"1188",4
"1189",3
"1190",1
"1191",2
"1192",5
"1193",3
"1194",4
"1195",1
"1196",2
"1197",4
"1198",6
"1199",3
"1200",4
"1201",5
"1202",3
"1203",3
"1204",3
"1205",1
"1206",4
"1207",4
"1208",3
"1209",6
"1210",4
"1211",2
"1212",4
"1213",3
"1214",2
"1215",3
"1216",1
"1217",1
"1218",1
"1219",4
"1220",1
"1221",3
"1222",3
"1223",2
"1224",1
"1225",0
"1226",4
"1227",6
"1228",1
"1229",5
"1230",3
"1231",3
"1232",1
"1233",4
"1234",3
"1235",4
"1236",1
"1237",3
"1238",3
"1239",3
"1240",4
"1241",7
"1242",3
"1243",5
"1244",2
"1245",3
"1246",5
"1247",4
"1248",3
"1249",0
"1250",1
"1251",4
"1252",1
"1253",3
"1254",4
"1255",3
"1256",5
"1257",4
"1258",1
"1259",4
"1260",5
"1261",4
"1262",4
"1263",3
"1264",4
"1265",3
"1266",1
"1267",3
"1268",4
"1269",2
"1270",5
"1271",3
"1272",2
"1273",2
"1274",2
"1275",3
"1276",4
"1277",3
"1278",4
"1279",4
"1280",1
"1281",3
"1282",3
"1283",3
"1284",2
"1285",1
"1286",4
"1287",2
"1288",1
"1289",3
"1290",1
"1291",4
"1292",4
"1293",0
"1294",4
"1295",1
"1296",5
"1297",4
"1298",1
"1299",3
"1300",3
"1301",5
"1302",2
"1303",5
"1304",4
"1305",4
"1306",0
"1307",4
"1308",3
"1309",2
"1310",3
"1311",3
"1312",1
"1313",5
"1314",3
"1315",5
"1316",1
"1317",4
"1318",3
"1319",1
"1320",5
"1321",1
"1322",3
"1323",5
"1324",2
"1325",5
"1326",1
"1327",1
"1328",4
"1329",3
"1330",1
"1331",4
"1332",5
"1333",4
"1334",5
"1335",7
"1336",3
"1337",4
"1338",1
"1339",4
"1340",1
"1341",3
"1342",4
"1343",4
"1344",4
"1345",4
"1346",4
"1347",5
"1348",4
"1349",6
"1350",3
"1351",1
"1352",3
"1353",5
"1354",5
"1355",3
"1356",1
"1357",1
"1358",5
"1359",4
"1360",3
"1361",4
"1362",2
"1363",5
"1364",6
"1365",6
"1366",3
"1367",3
"1368",1
"1369",3
"1370",6
"1371",3
"1372",3
"1373",4
"1374",2
"1375",1
"1376",2
"1377",5
"1378",3
"1379",3
"1380",1
"1381",2
"1382",4
"1383",6
"1384",2
"1385",5
"1386",2
"1387",2
"1388",5
"1389",3
"1390",5
"1391",3
"1392",2
"1393",1
"1394",5
"1395",4
"1396",2
"1397",4
"1398",3
"1399",3
"1400",3
"1401",4
"1402",3
"1403",7
"1404",3
"1405",4
"1406",3
"1407",1
"1408",4
"1409",4
"1410",2
"1411",1
"1412",2
"1413",4
"1414",4
"1415",1
"1416",0
"1417",4
"1418",2
"1419",1
"1420",4
"1421",4
"1422",3
"1423",3
"1424",1
"1425",4
"1426",3
"1427",4
"1428",3
"1429",2
"1430",2
"1431",2
"1432",2
"1433",3
"1434",6
"1435",5
"1436",4
"1437",4
"1438",1
"1439",5
"1440",5
"1441",4
"1442",3
"1443",4
"1444",4
"1445",1
"1446",2
"1447",5
"1448",1
"1449",2
"1450",3
"1451",5
"1452",4
"1453",3
"1454",1
"1455",0
"1456",3
"1457",2
"1458",2
"1459",2
"1460",3
"1461",5
"1462",3
"1463",2
"1464",3
"1465",3
"1466",4
"1467",3
"1468",4
"1469",3
"1470",2
"1471",4
"1472",1
"1473",4
"1474",3
"1475",4
"1476",3
"1477",4
"1478",1
"1479",2
"1480",4
"1481",4
"1482",2
"1483",1
"1484",2
"1485",2
"1486",3
"1487",4
"1488",3
"1489",3
"1490",3
"1491",1
"1492",1
"1493",1
"1494",3
"1495",2
"1496",1
"1497",5
"1498",4
"1499",6
"1500",3
"1501",2
"1502",4
"1503",1
"1504",1
"1505",2
"1506",3
"1507",2
"1508",1
"1509",3
"1510",3
"1511",4
"1512",2
"1513",1
"1514",6
"1515",6
"1516",4
"1517",1
"1518",5
"1519",4
"1520",3
"1521",1
"1522",2
"1523",3
"1524",5
"1525",4
"1526",1
"1527",1
"1528",3
"1529",1
"1530",4
"1531",1
"1532",1
"1533",5
"1534",4
"1535",3
"1536",6
"1537",1
"1538",4
"1539",3
"1540",3
"1541",4
"1542",3
"1543",3
"1544",3
"1545",0
"1546",4
"1547",4
"1548",3
"1549",3
"1550",7
"1551",4
"1552",4
"1553",3
"1554",2
"1555",3
"1556",4
"1557",3
"1558",3
"1559",5
"1560",4
"1561",2
"1562",4
"1563",2
"1564",3
"1565",4
"1566",2
"1567",0
"1568",6
"1569",2
"1570",5
"1571",3
"1572",4
"1573",1
"1574",6
"1575",3
"1576",3
"1577",2
"1578",4
"1579",4
"1580",1
"1581",4
"1582",3
"1583",4
"1584",2
"1585",3
"1586",5
"1587",3
"1588",4
"1589",4
"1590",4
"1591",3
"1592",2
"1593",4
"1594",3
"1595",4
"1596",4
"1597",4
"1598",3
"1599",4
"1600",4
"1601",1
"1602",4
"1603",4
"1604",5
"1605",1
"1606",4
"1607",3
"1608",1
"1609",4
"1610",4
"1611",2
"1612",1
"1613",5
"1614",3
"1615",1
"1616",3
"1617",3
"1618",4
"1619",2
"1620",4
"1621",3
"1622",4
"1623",1
"1624",5
"1625",2
"1626",1
"1627",4
"1628",4
"1629",5
"1630",4
"1631",4
"1632",1
"1633",2
"1634",2
"1635",5
"1636",5
"1637",3
"1638",3
"1639",3
"1640",4
"1641",1
"1642",3
"1643",4
"1644",3
"1645",2
"1646",1
"1647",4
"1648",6
"1649",3
"1650",5
"1651",4
"1652",2
"1653",6
"1654",5
"1655",4
"1656",3
"1657",3
"1658",5
"1659",4
"1660",3
"1661",2
"1662",2
"1663",1
"1664",3
"1665",2
"1666",4
"1667",4
"1668",3
"1669",1
"1670",2
"1671",3
"1672",4
"1673",6
"1674",3
"1675",2
"1676",3
"1677",5
"1678",3
"1679",4
"1680",3
"1681",3
"1682",6
"1683",1
"1684",4
"1685",4
"1686",3
"1687",3
"1688",3
"1689",2
"1690",2
"1691",4
"1692",4
"1693",3
"1694",0
"1695",0
"1696",4
"1697",4
"1698",3
"1699",2
"1700",6
"1701",6
"1702",3
"1703",3
"1704",4
"1705",4
"1706",1
"1707",3
"1708",3
"1709",3
"1710",4
"1711",5
"1712",5
"1713",4
"1714",4
"1715",1
"1716",1
"1717",5
"1718",3
"1719",6
"1720",3
"1721",3
"1722",2
"1723",1
"1724",3
"1725",4
"1726",4
"1727",4
"1728",5
"1729",6
"1730",4
"1731",3
"1732",3
"1733",3
"1734",5
"1735",3
"1736",4
"1737",3
"1738",1
"1739",3
"1740",1
"1741",5
"1742",4
"1743",1
"1744",5
"1745",3
"1746",4
"1747",2
"1748",5
"1749",4
"1750",2
"1751",3
"1752",3
"1753",3
"1754",5
"1755",5
"1756",4
"1757",3
"1758",3
"1759",2
"1760",3
"1761",3
"1762",5
"1763",1
"1764",4
"1765",1
"1766",5
"1767",3
"1768",5
"1769",1
"1770",1
"1771",4
"1772",5
"1773",2
"1774",1
"1775",4
"1776",3
"1777",3
"1778",5
"1779",4
"1780",5
"1781",1
"1782",3
"1783",2
"1784",2
"1785",1
"1786",5
"1787",3
"1788",1
"1789",1
"1790",4
"1791",3
"1792",1
"1793",2
"1794",2
"1795",2
"1796",1
"1797",1
"1798",5
"1799",4
"1800",4
"1801",5
"1802",3
"1803",4
"1804",2
"1805",6
"1806",6
"1807",6
"1808",4
"1809",3
"1810",6
"1811",3
"1812",4
"1813",2
"1814",1
"1815",3
"1816",2
"1817",4
"1818",4
"1819",0
"1820",3
"1821",5
"1822",4
"1823",5
"1824",5
"1825",4
"1826",3
"1827",4
"1828",1
"1829",1
"1830",4
"1831",6
"1832",5
"1833",3
"1834",3
"1835",4
"1836",0
"1837",2
"1838",1
"1839",4
"1840",1
"1841",4
"1842",3
"1843",5
"1844",3
"1845",3
"1846",2
"1847",5
"1848",3
"1849",3
"1850",3
"1851",2
"1852",4
"1853",2
"1854",5
"1855",4
"1856",4
"1857",2
"1858",2
"1859",4
"1860",4
"1861",2
"1862",3
"1863",3
"1864",4
"1865",1
"1866",5
"1867",6
"1868",5
"1869",2
"1870",4
"1871",1
"1872",1
"1873",5
"1874",2
"1875",3
"1876",4
"1877",4
"1878",3
"1879",3
"1880",5
"1881",2
"1882",3
"1883",2
"1884",1
"1885",4
"1886",1
"1887",2
"1888",2
"1889",5
"1890",6
"1891",3
"1892",3
"1893",1
"1894",2
"1895",3
"1896",4
"1897",3
"1898",4
"1899",4
"1900",1
"1901",3
"1902",1
"1903",1
"1904",4
"1905",3
"1906",2
"1907",3
"1908",1
"1909",1
"1910",3
"1911",4
"1912",4
"1913",2
"1914",2
"1915",3
"1916",1
"1917",5
"1918",4
"1919",3
"1920",2
"1921",1
"1922",4
"1923",1
"1924",4
"1925",3
"1926",4
"1927",5
"1928",6
"1929",2
"1930",4
"1931",2
"1932",3
"1933",7
"1934",4
"1935",1
"1936",3
"1937",1
"1938",6
"1939",4
"1940",3
"1941",1
"1942",4
"1943",3
"1944",4
"1945",2
"1946",4
"1947",1
"1948",5
"1949",4
"1950",1
"1951",3
"1952",4
"1953",2
"1954",4
"1955",3
"1956",3
"1957",1
"1958",5
"1959",2
"1960",4
"1961",3
"1962",4
"1963",1
"1964",2
"1965",1
"1966",1
"1967",4
"1968",3
"1969",2
"1970",5
"1971",5
"1972",4
"1973",4
"1974",4
"1975",1
"1976",3
"1977",6
"1978",1
"1979",7
"1980",5
"1981",3
"1982",3
"1983",3
"1984",5
"1985",5
"1986",4
"1987",4
"1988",6
"1989",5
"1990",4
"1991",1
"1992",1
"1993",5
"1994",3
"1995",4
"1996",5
"1997",1
"1998",4
"1999",6
"2000",4
"2001",4
"2002",3
"2003",1
"2004",5
"2005",4
"2006",4
"2007",1
"2008",4
"2009",4
"2010",2
"2011",1
"2012",3
"2013",3
"2014",1
"2015",4
"2016",3
"2017",1
"2018",3
"2019",3
"2020",1
"2021",3
"2022",3
"2023",3
"2024",2
"2025",4
"2026",1
"2027",3
"2028",5
"2029",3
"2030",6
"2031",2
"2032",2
"2033",3
"2034",4
"2035",3
"2036",1
"2037",3
"2038",1
"2039",4
"2040",5
"2041",5
"2042",2
"2043",0
"2044",3
"2045",4
"2046",4
"2047",1
"2048",4
"2049",3
"2050",3
"2051",1
"2052",2
"2053",1
"2054",3
"2055",4
"2056",2
"2057",5
"2058",1
"2059",3
"2060",4
"2061",5
"2062",2
"2063",2
"2064",1
"2065",4
"2066",6
"2067",4
"2068",5
"2069",1
"2070",3
"2071",4
"2072",5
"2073",4
"2074",3
"2075",1
"2076",1
"2077",4
"2078",5
"2079",4
"2080",2
"2081",4
"2082",3
"2083",3
"2084",2
"2085",4
"2086",5
"2087",1
"2088",4
"2089",6
"2090",1
"2091",1
"2092",1
"2093",1
"2094",0
"2095",1
"2096",5
"2097",4
"2098",4
"2099",3
"2100",3
"2101",4
"2102",3
"2103",1
"2104",5
"2105",3
"2106",3
"2107",1
"2108",3
"2109",2
"2110",3
"2111",2
"2112",4
"2113",2
"2114",2
"2115",3
"2116",1
"2117",3
"2118",3
"2119",0
"2120",7
"2121",3
"2122",0
"2123",1
"2124",3
"2125",5
"2126",5
"2127",5
"2128",1
"2129",3
"2130",2
"2131",1
"2132",2
"2133",3
"2134",5
"2135",1
"2136",2
"2137",3
"2138",2
"2139",2
"2140",1
"2141",3
"2142",3
"2143",3
"2144",5
"2145",2
"2146",1
"2147",3
"2148",0
"2149",4
"2150",3
"2151",6
"2152",1
"2153",1
"2154",4
"2155",3
"2156",2
"2157",5
"2158",4
"2159",3
"2160",3
"2161",1
"2162",3
"2163",3
"2164",4
"2165",3
"2166",3
"2167",2
"2168",2
"2169",1
"2170",6
"2171",3
"2172",5
"2173",2
"2174",2
"2175",4
"2176",4
"2177",5
"2178",3
"2179",3
"2180",3
"2181",5
"2182",4
"2183",4
"2184",4
"2185",1
"2186",2
"2187",4
"2188",1
"2189",2
"2190",1
"2191",3
"2192",1
"2193",2
"2194",1
"2195",2
"2196",1
"2197",4
"2198",3
"2199",1
"2200",2
"2201",4
"2202",3
"2203",4
"2204",3
"2205",2
"2206",5
"2207",5
"2208",1
"2209",3
"2210",5
"2211",4
"2212",5
"2213",4
"2214",3
"2215",3
"2216",3
"2217",5
"2218",5
"2219",1
"2220",5
"2221",2
"2222",2
"2223",2
"2224",2
"2225",1
"2226",1
"2227",3
"2228",3
"2229",5
"2230",0
"2231",3
"2232",1
"2233",3
"2234",3
"2235",4
"2236",4
"2237",3
"2238",2
"2239",6
"2240",6
"2241",3
"2242",0
"2243",0
"2244",5
"2245",3
"2246",2
"2247",4
"2248",2
"2249",3
"2250",3
"2251",0
"2252",1
"2253",3
"2254",2
"2255",3
"2256",3
"2257",0
"2258",6
"2259",4
"2260",3
"2261",4
"2262",3
"2263",6
"2264",4
"2265",3
"2266",1
"2267",2
"2268",4
"2269",5
"2270",3
"2271",2
"2272",4
"2273",5
"2274",5
"2275",5
"2276",1
"2277",4
"2278",3
"2279",2
"2280",4
"2281",4
"2282",5
"2283",3
"2284",4
"2285",3
"2286",1
"2287",3
"2288",3
"2289",5
"2290",1
"2291",2
"2292",0
"2293",1
"2294",4
"2295",1
"2296",6
"2297",3
"2298",2
"2299",5
"2300",4
"2301",4
"2302",3
"2303",3
"2304",4
"2305",4
"2306",4
"2307",4
"2308",7
"2309",0
"2310",3
"2311",5
"2312",3
"2313",5
"2314",1
"2315",4
"2316",3
"2317",1
"2318",1
"2319",1
"2320",4
"2321",2
"2322",1
"2323",3
"2324",2
"2325",1
"2326",3
"2327",1
"2328",2
"2329",3
"2330",3
"2331",2
"2332",1
"2333",5
"2334",5
"2335",3
"2336",4
"2337",3
"2338",1
"2339",1
"2340",6
"2341",3
"2342",4
"2343",2
"2344",4
"2345",3
"2346",3
"2347",3
"2348",2
"2349",0
"2350",4
"2351",3
"2352",4
"2353",6
"2354",2
"2355",3
"2356",3
"2357",2
"2358",4
"2359",1
"2360",4
"2361",1
"2362",4
"2363",0
"2364",3
"2365",1
"2366",4
"2367",2
"2368",3
"2369",3
"2370",2
"2371",2
"2372",3
"2373",5
"2374",1
"2375",1
"2376",2
"2377",3
"2378",1
"2379",4
"2380",2
"2381",3
"2382",3
"2383",3
"2384",4
"2385",4
"2386",2
"2387",1
"2388",4
"2389",3
"2390",1
"2391",2
"2392",1
"2393",1
"2394",4
"2395",4
"2396",2
"2397",4
"2398",3
"2399",4
"2400",4
"2401",1
"2402",4
"2403",4
"2404",6
"2405",2
"2406",1
"2407",2
"2408",2
"2409",5
"2410",3
"2411",4
"2412",4
"2413",2
"2414",3
"2415",4
"2416",1
"2417",4
"2418",2
"2419",2
"2420",3
"2421",3
"2422",1
"2423",5
"2424",0
"2425",3
"2426",4
"2427",3
"2428",2
"2429",3
"2430",1
"2431",4
"2432",5
"2433",7
"2434",3
"2435",4
"2436",4
"2437",3
"2438",5
"2439",1
"2440",2
"2441",4
"2442",4
"2443",4
"2444",1
"2445",4
"2446",1
"2447",3
"2448",1
"2449",4
"2450",4
"2451",5
"2452",1
"2453",2
"2454",4
"2455",4
"2456",2
"2457",5
"2458",4
"2459",5
"2460",4
"2461",3
"2462",6
"2463",1
"2464",4
"2465",3
"2466",4
"2467",4
"2468",3
"2469",3
"2470",7
"2471",3
"2472",1
"2473",3
"2474",5
"2475",4
"2476",3
"2477",2
"2478",4
"2479",4
"2480",5
"2481",3
"2482",3
"2483",2
"2484",2
"2485",2
"2486",3
"2487",3
"2488",3
"2489",5
"2490",1
"2491",3
"2492",4
"2493",1
"2494",2
"2495",1
"2496",4
"2497",1
"2498",4
"2499",1
"2500",4
"2501",3
"2502",5
"2503",3
"2504",1
"2505",6
"2506",5
"2507",4
"2508",4
"2509",4
"2510",3
"2511",3
"2512",6
"2513",3
"2514",6
"2515",4
"2516",1
"2517",4
"2518",3
"2519",5
"2520",5
"2521",4
"2522",4
"2523",3
"2524",1
"2525",5
"2526",1
"2527",1
"2528",4
"2529",3
"2530",3
"2531",0
"2532",1
"2533",2
"2534",4
"2535",7
"2536",3
"2537",2
"2538",3
"2539",4
"2540",5
"2541",2
"2542",3
"2543",5
"2544",0
"2545",2
"2546",1
"2547",3
"2548",4
"2549",5
"2550",2
"2551",3
"2552",1
"2553",6
"2554",5
"2555",5
"2556",2
"2557",4
"2558",2
"2559",0
"2560",1
"2561",5
"2562",1
"2563",4
"2564",5
"2565",4
"2566",3
"2567",6
"2568",5
"2569",4
"2570",2
"2571",4
"2572",3
"2573",3
"2574",4
"2575",5
"2576",4
"2577",3
"2578",6
"2579",6
"2580",5
"2581",3
"2582",2
"2583",4
"2584",5
"2585",1
"2586",4
"2587",4
"2588",4
"2589",4
"2590",3
"2591",4
"2592",3
"2593",5
"2594",1
"2595",3
"2596",3
"2597",1
"2598",3
"2599",2
"2600",6
"2601",4
"2602",4
"2603",4
"2604",3
"2605",1
"2606",5
"2607",4
"2608",2
"2609",3
"2610",1
"2611",2
"2612",0
"2613",3
"2614",3
"2615",1
"2616",3
"2617",3
"2618",3
"2619",4
"2620",4
"2621",3
"2622",3
"2623",3
"2624",5
"2625",4
"2626",2
"2627",4
"2628",1
"2629",5
"2630",2
"2631",1
"2632",3
"2633",1
"2634",2
"2635",5
"2636",3
"2637",3
"2638",3
"2639",4
"2640",2
"2641",4
"2642",4
"2643",3
"2644",4
"2645",2
"2646",4
"2647",1
"2648",3
"2649",4
"2650",3
"2651",6
"2652",3
"2653",4
"2654",4
"2655",2
"2656",3
"2657",4
"2658",4
"2659",3
"2660",4
"2661",5
"2662",3
"2663",1
"2664",2
"2665",7
"2666",2
"2667",1
"2668",3
"2669",3
"2670",5
"2671",5
"2672",2
"2673",5
"2674",0
"2675",3
"2676",2
"2677",4
"2678",1
"2679",1
"2680",2
"2681",3
"2682",1
"2683",3
"2684",4
"2685",1
"2686",3
"2687",4
"2688",4
"2689",5
"2690",2
"2691",5
"2692",4
"2693",5
"2694",1
"2695",3
"2696",2
"2697",3
"2698",3
"2699",5
"2700",2
"2701",3
"2702",4
"2703",2
"2704",3
"2705",3
"2706",1
"2707",3
"2708",4
"2709",7
"2710",4
"2711",1
"2712",3
"2713",1
"2714",2
"2715",1
"2716",5
"2717",4
"2718",3
"2719",3
"2720",6
"2721",4
"2722",4
"2723",4
"2724",4
"2725",0
"2726",3
"2727",4
"2728",1
"2729",4
"2730",3
"2731",5
"2732",1
"2733",6
"2734",4
"2735",3
"2736",5
"2737",4
"2738",5
"2739",1
"2740",4
"2741",2
"2742",3
"2743",4
"2744",1
"2745",5
"2746",4
"2747",1
"2748",3
"2749",4
"2750",1
"2751",3
"2752",1
"2753",5
"2754",3
"2755",3
"2756",1
"2757",5
"2758",1
"2759",1
"2760",5
"2761",1
"2762",5
"2763",2
"2764",1
"2765",3
"2766",2
"2767",5
"2768",2
"2769",0
"2770",5
"2771",5
"2772",5
"2773",4
"2774",4
"2775",1
"2776",0
"2777",4
"2778",5
"2779",3
"2780",5
"2781",5
"2782",3
"2783",2
"2784",3
"2785",5
"2786",4
"2787",1
"2788",4
"2789",2
"2790",5
"2791",4
"2792",3
"2793",3
"2794",1
"2795",1
"2796",3
"2797",4
"2798",2
"2799",4
"2800",4
"2801",3
"2802",3
"2803",1
"2804",3
"2805",3
"2806",6
"2807",4
"2808",3
"2809",3
"2810",1
"2811",4
"2812",4
"2813",4
"2814",1
"2815",3
"2816",0
"2817",5
"2818",4
"2819",4
"2820",1
"2821",2
"2822",4
"2823",4
"2824",4
"2825",2
"2826",4
"2827",5
"2828",3
"2829",5
"2830",1
"2831",1
"2832",2
"2833",2
"2834",1
"2835",6
"2836",1
"2837",1
"2838",2
"2839",1
"2840",4
"2841",2
"2842",2
"2843",2
"2844",5
"2845",3
"2846",1
"2847",2
"2848",3
"2849",2
"2850",1
"2851",4
"2852",4
"2853",3
"2854",4
"2855",1
"2856",4
"2857",3
"2858",4
"2859",3
"2860",5
"2861",1
"2862",1
"2863",2
"2864",2
"2865",1
"2866",1
"2867",4
"2868",3
"2869",2
"2870",6
"2871",2
"2872",4
"2873",2
"2874",1
"2875",3
"2876",4
"2877",5
"2878",2
"2879",5
"2880",2
"2881",1
"2882",2
"2883",3
"2884",3
"2885",4
"2886",0
"2887",3
"2888",4
"2889",2
"2890",3
"2891",1
"2892",5
"2893",3
"2894",5
"2895",5
"2896",5
"2897",3
"2898",3
"2899",3
"2900",1
"2901",1
"2902",4
"2903",5
"2904",3
"2905",1
"2906",5
"2907",1
"2908",1
"2909",4
"2910",3
"2911",5
"2912",4
"2913",5
"2914",2
"2915",1
"2916",1
"2917",1
"2918",4
"2919",1
"2920",2
"2921",3
"2922",1
"2923",5
"2924",2
"2925",3
"2926",6
"2927",4
"2928",4
"2929",1
"2930",2
"2931",1
"2932",5
"2933",4
"2934",3
"2935",2
"2936",3
"2937",3
"2938",4
"2939",3
"2940",4
"2941",1
"2942",4
"2943",3
"2944",5
"2945",3
"2946",7
"2947",4
"2948",4
"2949",4
"2950",5
"2951",1
"2952",3
"2953",6
"2954",4
"2955",4
"2956",3
"2957",5
"2958",6
"2959",4
"2960",1
"2961",1
"2962",6
"2963",1
"2964",4
"2965",1
"2966",2
"2967",3
"2968",3
"2969",2
"2970",3
"2971",4
"2972",1
"2973",4
"2974",1
"2975",4
"2976",3
"2977",4
"2978",4
"2979",4
"2980",3
"2981",3
"2982",3
"2983",4
"2984",4
"2985",4
"2986",5
"2987",3
"2988",3
"2989",1
"2990",3
"2991",3
"2992",2
"2993",3
"2994",4
"2995",1
"2996",3
"2997",3
"2998",1
"2999",1
"3000",1
"3001",5
"3002",2
"3003",5
"3004",1
"3005",2
"3006",1
"3007",4
"3008",6
"3009",4
"3010",2
"3011",3
"3012",1
"3013",1
"3014",3
"3015",3
"3016",3
"3017",4
"3018",2
"3019",2
"3020",3
"3021",3
"3022",3
"3023",1
"3024",5
"3025",2
"3026",5
"3027",3
"3028",4
"3029",2
"3030",3
"3031",4
"3032",5
"3033",2
"3034",2
"3035",2
"3036",2
"3037",2
"3038",4
"3039",1
"3040",3
"3041",3
"3042",4
"3043",2
"3044",5
"3045",3
"3046",3
"3047",3
"3048",3
"3049",1
"3050",3
"3051",3
"3052",4
"3053",4
"3054",3
"3055",2
"3056",1
"3057",1
"3058",1
"3059",4
"3060",5
"3061",5
"3062",5
"3063",2
"3064",1
"3065",2
"3066",3
"3067",5
"3068",1
"3069",1
"3070",4
"3071",5
"3072",4
"3073",6
"3074",6
"3075",4
"3076",3
"3077",3
"3078",0
"3079",2
"3080",1
"3081",4
"3082",1
"3083",5
"3084",4
"3085",4
"3086",3
"3087",3
"3088",2
"3089",4
"3090",1
"3091",5
"3092",2
"3093",6
"3094",2
"3095",3
"3096",3
"3097",3
"3098",2
"3099",1
"3100",4
"3101",3
"3102",4
"3103",7
"3104",4
"3105",4
"3106",5
"3107",4
"3108",1
"3109",4
"3110",4
"3111",2
"3112",3
"3113",4
"3114",4
"3115",4
"3116",5
"3117",4
"3118",6
"3119",1
"3120",0
"3121",2
"3122",1
"3123",2
"3124",2
"3125",5
"3126",1
"3127",2
"3128",4
"3129",1
"3130",6
"3131",3
"3132",2
"3133",3
"3134",4
"3135",4
"3136",1
"3137",4
"3138",4
"3139",4
"3140",4
"3141",3
"3142",2
"3143",1
"3144",2
"3145",3
"3146",3
"3147",2
"3148",1
"3149",3
"3150",5
"3151",4
"3152",1
"3153",1
"3154",1
"3155",1
"3156",0
"3157",1
"3158",5
"3159",5
"3160",1
"3161",4
"3162",5
"3163",2
"3164",3
"3165",1
"3166",5
"3167",3
"3168",1
"3169",1
"3170",0
"3171",1
"3172",5
"3173",4
"3174",3
"3175",0
"3176",3
"3177",0
"3178",2
"3179",3
"3180",3
"3181",4
"3182",6
"3183",3
"3184",4
"3185",5
"3186",5
"3187",3
"3188",3
"3189",4
"3190",4
"3191",4
"3192",4
"3193",3
"3194",1
"3195",3
"3196",1
"3197",2
"3198",1
"3199",5
"3200",7
"3201",3
"3202",3
"3203",1
"3204",1
"3205",2
"3206",3
"3207",3
"3208",5
"3209",4
"3210",3
"3211",1
"3212",2
"3213",1
"3214",1
"3215",3
"3216",1
"3217",2
"3218",3
"3219",2
"3220",2
"3221",5
"3222",3
"3223",3
"3224",5
"3225",4
"3226",1
"3227",4
"3228",3
"3229",2
"3230",2
"3231",5
"3232",4
"3233",6
"3234",4
"3235",4
"3236",5
"3237",1
"3238",1
"3239",1
"3240",3
"3241",2
"3242",2
"3243",3
"3244",6
"3245",4
"3246",1
"3247",1
"3248",1
"3249",4
"3250",1
"3251",5
"3252",5
"3253",5
"3254",1
"3255",3
"3256",4
"3257",4
"3258",3
"3259",2
"3260",4
"3261",4
"3262",4
"3263",3
"3264",1
"3265",5
"3266",4
"3267",3
"3268",3
"3269",7
"3270",2
"3271",5
"3272",5
"3273",1
"3274",1
"3275",3
"3276",4
"3277",4
"3278",4
"3279",6
"3280",2
"3281",5
"3282",3
"3283",1
"3284",4
"3285",5
"3286",4
"3287",1
"3288",4
"3289",2
"3290",3
"3291",2
"3292",4
"3293",3
"3294",2
"3295",1
"3296",4
"3297",5
"3298",3
"3299",3
"3300",2
"3301",3
"3302",3
"3303",5
"3304",4
"3305",3
"3306",3
"3307",1
"3308",1
"3309",1
"3310",2
"3311",3
"3312",3
"3313",3
"3314",3
"3315",1
"3316",3
"3317",3
"3318",3
"3319",5
"3320",3
"3321",2
"3322",1
"3323",5
"3324",4
"3325",4
"3326",6
"3327",5
"3328",1
"3329",2
"3330",2
"3331",4
"3332",6
"3333",4
"3334",3
"3335",4
